DROP DATABASE API;

CREATE DATABASE API;

USE API;

CREATE TABLE CURSO (
	CURSO_ID INT AUTO_INCREMENT,
    CURSO_NOME VARCHAR(50) NOT NULL,
    CURSO_SIGLA VARCHAR(5) UNIQUE NOT NULL,
    PRIMARY KEY(CURSO_ID)
);

CREATE TABLE GRUPO (
    GRUPO_ID INT AUTO_INCREMENT,
    GRUPO_NOME VARCHAR(20) NOT NULL UNIQUE,
    REPOS_LINK VARCHAR(255) NOT NULL,
    CURSO_SIGLA VARCHAR(5) NOT NULL,
    SEMESTRE VARCHAR(10) NOT NULL,
    PRIMARY KEY (GRUPO_ID),
    FOREIGN KEY (CURSO_SIGLA) REFERENCES CURSO(CURSO_SIGLA)
);

CREATE TABLE ALUNO (
    ALUNO_RA BIGINT NOT NULL,                 
    ALUNO_EMAIL VARCHAR(30) NOT NULL UNIQUE,   
    ALUNO_NOME VARCHAR(100) NOT NULL,
    ALUNO_SENHA VARCHAR(30),
    FOTO LONGBLOB,
    GRUPO_ID INT,
    CURSO_SIGLA VARCHAR(5) NOT NULL,
    SEMESTRE VARCHAR(10) NOT NULL,
    PRIMARY KEY (ALUNO_RA),
    FOREIGN KEY (CURSO_SIGLA) REFERENCES CURSO(CURSO_SIGLA),
    FOREIGN KEY (GRUPO_ID) REFERENCES GRUPO(GRUPO_ID)
);

CREATE TABLE PROFESSOR (
    PROF_ID INT AUTO_INCREMENT,
    PROF_NOME VARCHAR(100) NOT NULL,
    PROF_EMAIL VARCHAR(30) NOT NULL UNIQUE,  
    PROF_SENHA VARCHAR(30) NOT NULL,
    FOTO LONGBLOB,
    PRIMARY KEY (PROF_ID)
);

CREATE TABLE MATERIA (
    MATERIA_ID INT AUTO_INCREMENT,
    MATERIA_NOME VARCHAR(30) NOT NULL,
    MATERIA_SEMESTRE INT NOT NULL,
    PRIMARY KEY (MATERIA_ID)
);

CREATE TABLE CRITERIOS (
    CRITERIO_ID INT AUTO_INCREMENT,            
    CRITERIO_NOME VARCHAR(50) NOT NULL,
    CRITERIO_DESCRICAO VARCHAR(600),
    CRITERIO_ATIVO BOOLEAN DEFAULT TRUE,
    PRIMARY KEY (CRITERIO_ID)
);

CREATE TABLE AVALIACAO (
    AVALIACAO_ID INT AUTO_INCREMENT,
    AVALIADO_ALUNO_RA BIGINT NOT NULL,
    AVALIADOR_ALUNO_RA BIGINT NOT NULL,
    CRITERIO_ID INT NOT NULL,
    NOTA DECIMAL(3,1) NOT NULL,
    AVALIACAO_DATA DATETIME NOT NULL,
    PRIMARY KEY (AVALIACAO_ID),
    FOREIGN KEY (AVALIADO_ALUNO_RA) REFERENCES ALUNO(ALUNO_RA),
    FOREIGN KEY (AVALIADOR_ALUNO_RA) REFERENCES ALUNO(ALUNO_RA),
    FOREIGN KEY (CRITERIO_ID) REFERENCES CRITERIOS(CRITERIO_ID)
);

CREATE TABLE SPRINT (
    SPRINT_ID INT AUTO_INCREMENT,
    SPRINT_NUM INT NOT NULL,
    SPRINT_SEMESTRE INT NOT NULL,
    SPRINT_DATA_INICIO DATE NOT NULL,
    SPRINT_DATA_FIM DATE NOT NULL,
    CONSTRAINT CK_SPRINT CHECK (SPRINT_NUM IN (1,2,3,4)),
    PRIMARY KEY (SPRINT_ID)
);

CREATE TABLE CALENDARIO (
    CALENDARIO_ID INT AUTO_INCREMENT,
    SEMESTRE VARCHAR(10) NOT NULL,
    SPRINT_ID INT,
    DATA_INICIO DATE NOT NULL,
    DATA_FIM DATE NOT NULL,
    PRIMARY KEY (CALENDARIO_ID),
    FOREIGN KEY (SPRINT_ID) REFERENCES SPRINT(SPRINT_ID)
);

-- Inserir cursos
INSERT INTO CURSO (CURSO_NOME, CURSO_SIGLA) VALUES
('Engenharia de Software', 'ES'),
('Sistemas de Informação', 'SI'),
('Ciência da Computação', 'CC'),
('Design de Sistemas', 'DS');

-- Inserir grupos
INSERT INTO GRUPO (GRUPO_NOME, REPOS_LINK, CURSO_SIGLA, SEMESTRE) VALUES
('Grupo A', 'https://github.com/grupoA', 'ES', '2024.1'),
('Grupo B', 'https://github.com/grupoB', 'SI', '2024.1'),
('Grupo C', 'https://github.com/grupoC', 'CC', '2024.1'),
('Grupo D', 'https://github.com/grupoD', 'DS', '2024.1');

-- Inserindo professores
INSERT INTO PROFESSOR (PROF_NOME, PROF_EMAIL, PROF_SENHA) VALUES
('Carlos Silva', 'carlos.silva@exemplo.com', 'senha123'),
('Ana Souza', 'ana.souza@exemplo.com', 'senha456'),
('Roberto Oliveira', 'roberto.oliveira@exemplo.com', 'senha789'),
('Mariana Costa', 'mariana.costa@exemplo.com', 'senha012'),
('Paulo Almeida', 'paulo.almeida@exemplo.com', 'senha345');


-- Inserir alunos
INSERT INTO ALUNO (ALUNO_RA, ALUNO_EMAIL, ALUNO_NOME, ALUNO_SENHA, GRUPO_ID, CURSO_SIGLA, SEMESTRE) VALUES
(1234567890123, 'joao@exemplo.com', 'João Silva', 'senha123', 1, 'ES', '2024.1'),
(1234567890124, 'maria@exemplo.com', 'Maria Oliveira', 'senha123', 1, 'ES', '2024.1'),
(1234567890125, 'pedro@exemplo.com', 'Pedro Santos', 'senha123', 1, 'ES', '2024.1'),
(1234567890126, 'lucas@exemplo.com', 'Lucas Pereira', 'senha123', 2, 'SI', '2024.1'),
(1234567890127, 'juliana@exemplo.com', 'Juliana Costa', 'senha123', 2, 'SI', '2024.1'),
(1234567890128, 'ana@exemplo.com', 'Ana Souza', 'senha123', 2, 'SI', '2024.1'),
(1234567890129, 'gustavo@exemplo.com', 'Gustavo Lima', 'senha123', 3, 'CC', '2024.1'),
(1234567890130, 'carla@exemplo.com', 'Carla Rocha', 'senha123', 3, 'CC', '2024.1'),
(1234567890131, 'marcio@exemplo.com', 'Márcio Almeida', 'senha123', 3, 'CC', '2024.1'),
(1234567890132, 'beatriz@exemplo.com', 'Beatriz Silva', 'senha123', 4, 'DS', '2024.1'),
(1234567890133, 'patricia@exemplo.com', 'Patrícia Souza', 'senha123', 4, 'DS', '2024.1'),
(1234567890134, 'ricardo@exemplo.com', 'Ricardo Almeida', 'senha123', 4, 'DS', '2024.1');

-- Inserir critérios na tabela CRITERIOS
INSERT INTO CRITERIOS (CRITERIO_NOME, CRITERIO_DESCRICAO) VALUES
('Critério 1', 'Descrição do critério 1'),
('Critério 2', 'Descrição do critério 2'),
('Critério 3', 'Descrição do critério 3'),
('Critério 4', 'Descrição do critério 4');

-- Avaliações entre alunos do Grupo A
INSERT INTO AVALIACAO (AVALIADO_ALUNO_RA, AVALIADOR_ALUNO_RA, CRITERIO_ID, NOTA, AVALIACAO_DATA) VALUES
(1234567890124, 1234567890123, 1, 2.5, '2024-10-10 10:00:00'),
(1234567890125, 1234567890123, 1, 1.5, '2024-10-10 10:00:00'),
(1234567890123, 1234567890124, 1, 2.8, '2024-10-10 11:00:00'),
(1234567890125, 1234567890124, 1, 2.0, '2024-10-10 11:00:00'),
(1234567890123, 1234567890125, 1, 2.2, '2024-10-10 12:00:00'),
(1234567890124, 1234567890125, 1, 2.9, '2024-10-10 12:00:00');

-- Avaliações entre alunos do Grupo B
INSERT INTO AVALIACAO (AVALIADO_ALUNO_RA, AVALIADOR_ALUNO_RA, CRITERIO_ID, NOTA, AVALIACAO_DATA) VALUES
(1234567890126, 1234567890127, 2, 2.0, '2024-10-11 10:00:00'),
(1234567890128, 1234567890127, 2, 2.5, '2024-10-11 10:00:00'),
(1234567890127, 1234567890126, 2, 1.8, '2024-10-11 11:00:00'),
(1234567890128, 1234567890126, 2, 2.2, '2024-10-11 11:00:00'),
(1234567890127, 1234567890128, 2, 2.9, '2024-10-11 12:00:00'),
(1234567890126, 1234567890128, 2, 2.7, '2024-10-11 12:00:00');

-- Avaliações entre alunos do Grupo C
INSERT INTO AVALIACAO (AVALIADO_ALUNO_RA, AVALIADOR_ALUNO_RA, CRITERIO_ID, NOTA, AVALIACAO_DATA) VALUES
(1234567890129, 1234567890130, 3, 1.5, '2024-10-12 10:00:00'),
(1234567890131, 1234567890130, 3, 2.0, '2024-10-12 10:00:00'),
(1234567890130, 1234567890129, 3, 2.5, '2024-10-12 11:00:00'),
(1234567890131, 1234567890129, 3, 1.7, '2024-10-12 11:00:00'),
(1234567890129, 1234567890131, 3, 2.2, '2024-10-12 12:00:00'),
(1234567890130, 1234567890131, 3, 2.8, '2024-10-12 12:00:00');

-- Avaliações entre alunos do Grupo D
INSERT INTO AVALIACAO (AVALIADO_ALUNO_RA, AVALIADOR_ALUNO_RA, CRITERIO_ID, NOTA, AVALIACAO_DATA) VALUES
(1234567890132, 1234567890133, 4, 2.5, '2024-10-13 10:00:00'),
(1234567890134, 1234567890133, 4, 2.8, '2024-10-13 10:00:00'),
(1234567890133, 1234567890132, 4, 2.2, '2024-10-13 11:00:00'),
(1234567890134, 1234567890132, 4, 2.6, '2024-10-13 11:00:00'),
(1234567890132, 1234567890134, 4, 3.0, '2024-10-13 12:00:00'),
(1234567890133, 1234567890134, 4, 2.4, '2024-10-13 12:00:00');

-- Inserindo dados na tabela SPRINT
INSERT INTO SPRINT (SPRINT_NUM, SPRINT_SEMESTRE, SPRINT_DATA_INICIO, SPRINT_DATA_FIM) VALUES
(1, 1, '2024-11-01', '2024-11-14'),
(2, 1, '2024-11-15', '2024-11-30'),
(3, 2, '2024-12-01', '2024-12-14');

-- Inserindo dados na tabela CALENDARIO
INSERT INTO CALENDARIO (SEMESTRE, SPRINT_ID, DATA_INICIO, DATA_FIM) VALUES
('2024-1', 1, '2024-11-01', '2024-11-14'),
('2024-1', 2, '2024-11-15', '2024-11-30'),
('2024-2', 3, '2024-12-01', '2024-12-14');


USE API;
SELECT * FROM ALUNO;
SELECT * FROM PROFESSOR;
SELECT * FROM GRUPO;
SELECT * FROM CRITERIOS;